"adm0_id","adm0_name","adm0_ha","for_afc_tco2e","for_afc_ha"
"AFG","Afghanistan",64346581,NA,NA
"AGO","Angola",125450572,368589.288167,226200
"ALB","Albania",2870481,NA,NA
"AND","Andorra",46473,NA,NA
"ARE","United Arab Emirates",7118978,NA,NA
"ARG","Argentina",278550501,7248045.405355,21434200
"ARM","Armenia",2974631,NA,NA
"ATG","Antigua and Barbuda",44907,NA,NA
"AUS","Australia",771798320,2247288.193618,4678100
"AUT","Austria",8388775,NA,NA
"AZE","Azerbaijan",8624470,181.123578,6900
"BDI","Burundi",2701443,22296.563333,98900
"BEL","Belgium",3061332,NA,NA
"BEN","Benin",11602476,744.164395,17200
"BFA","Burkina Faso",27502866,NA,NA
"BGD","Bangladesh",13998639,23976.867675,171800
"BGR","Bulgaria",11101046,NA,NA
"BHR","Bahrain",78197,NA,NA
"BHS","Bahamas",1251035,10993.340193,66900
"BIH","Bosnia and Herzegovina",5123705,NA,NA
"BLR","Belarus",20720930,NA,NA
"BLZ","Belize",2216600,320464.042967,335500
"BOL","Bolivia",108987436,15683863.812562,14517600
"BRA","Brazil",852303467,190362780.632998,150164900
"BRB","Barbados",44408,NA,NA
"BRN","Brunei Darussalam",593101,63092.439058,96700
"BTN","Bhutan",3873516,62610.618607,571800
"BWA","Botswana",58094263,NA,NA
"CAF","Central African Republic",62415555,27179.289132,12000
"CAN","Canada",993469948,711277.755188,3619600
"CHE","Switzerland",4127031,NA,NA
"CHL","Chile",74883625,945868.16599,684000
"CHN","China",940245525,502078.160222,5492400
"CIV","Côte d'Ivoire",32386621,532305.446829,428300
"CMR","Cameroon",46803062,1122820.24992,541600
"COD","Democratic Republic of the Congo",234341157,6167639.835189,1760000
"COG","Congo",34633406,442685.975324,195900
"COL","Colombia",114333001,7557816.565573,4400500
"COM","Comoros",165733,NA,NA
"CPV","Cabo Verde",408658,NA,NA
"CRI","Costa Rica",5163298,31443.621374,59700
"CUB","Cuba",11026616,106304.46176,180600
"CYP","Cyprus",907930,NA,NA
"CZE","Czechia",7877835,NA,NA
"DEU","Germany",35712768,NA,NA
"DJI","Djibouti",2181797,NA,NA
"DMA","Dominica",76608,NA,NA
"DNK","Denmark",4439770,NA,NA
"DOM","Dominican Republic",4859106,152888.645691,261000
"DZA","Algeria",231472917,29285.525544,154400
"ECU","Ecuador",25673456,122154.16788,194500
"EGY","Egypt",98841761,19.556892,4800
"ERI","Eritrea",12111177,NA,NA
"ESH","Western Sahara",27032204,NA,NA
"ESP","Spain",50661783,NA,NA
"EST","Estonia",4513384,NA,NA
"ETH","Ethiopia",113602598,8438.639084,64400
"FIN","Finland",33460246,NA,NA
"FJI","Fiji",1870345,10679.801896,59900
"FLK-20221023","Falkland Islands (Malvinas)",1189042,NA,NA
"FRA","France",66784385,187712.418332,406700
"FSM","Micronesia",66379,NA,NA
"GAB","Gabon",26460929,273172.807127,112000
"GBR","United Kingdom",25147541,NA,NA
"GEO","Georgia",6971360,NA,NA
"GHA","Ghana",24030848,107316.687588,162000
"GIN","Guinea",24613062,796873.927576,578800
"GMB","Gambia",1078192,728.488182,10600
"GNB","Guinea-Bissau",3386421,143984.653801,67700
"GNQ","Equatorial Guinea",2702028,110063.507674,65800
"GRC","Greece",13234264,409.092391,1600
"GRD","Grenada",36181,NA,NA
"GRL","Greenland",214424852,NA,NA
"GTM","Guatemala",10885737,669118.250387,693200
"GUY","Guyana",21213809,109359.996798,165500
"HND","Honduras",11270540,1690606.225925,582400
"HRV","Croatia",5636645,NA,NA
"HRV-20221023","Croatia",118,NA,NA
"HTI","Haiti",2726111,2128.385582,39000
"HUN","Hungary",9296225,NA,NA
"IDN","Indonesia",189583071,97204712.808799,71656500
"IND","India",316761112,138010.077862,1153300
"IRL","Ireland",6978498,NA,NA
"IRN","Iran",162724859,NA,NA
"IRQ","Iraq",43815174,NA,NA
"ISL","Iceland",10205053,NA,NA
"ISR","Israel",2081714,145.579105,7900
"ITA","Italy",30093531,NA,NA
"JAM","Jamaica",1105061,2211.496814,1800
"JOR","Jordan",8939653,NA,NA
"JPN","Japan",37714423,4678.000305,64200
"KAZ","Kazakhstan",272399086,362.899285,4000
"KEN","Kenya",59001713,107187.837268,320700
"KGZ","Kyrgyzstan",19849099,NA,NA
"KHM","Cambodia",18260021,2885295.738603,6348100
"KIR","Kiribati",93085,NA,NA
"KNA","Saint Kitts and Nevis",27076,NA,NA
"KOR","South Korea",9899960,78920.893037,494200
"KWT","Kuwait",1742493,NA,NA
"LAO","Lao People's Democratic Republic",23098031,3909523.454953,6324800
"LBN","Lebanon",1024949,10711.754068,64200
"LBR","Liberia",9644576,1200292.329644,578200
"LBY","Libya",162261346,NA,NA
"LCA","Saint Lucia",62115,NA,NA
"LIE","Liechtenstein",15997,NA,NA
"LKA","Sri Lanka",6640214,142061.133845,917500
"LSO","Lesotho",3066478,NA,NA
"LTU","Lithuania",6475507,NA,NA
"LUX","Luxembourg",259297,NA,NA
"LVA","Latvia",6441455,NA,NA
"MAR","Morocco",41514333,6304.803215,30400
"MCO","Monaco",209,NA,NA
"MDA","Moldova",3383636,NA,NA
"MDG","Madagascar",59362976,416579.820854,547600
"MDV","Maldives",16250,NA,NA
"MEX","Mexico",196517710,1675609.130708,3044200
"MHL","Marshall Islands",12876,NA,NA
"MKD","North Macedonia",2545776,NA,NA
"MLI","Mali",126194794,NA,NA
"MLT","Malta",32380,NA,NA
"MMR","Myanmar",67041004,3614748.330176,9029600
"MNE","Montenegro",1391204,NA,NA
"MNG","Mongolia",156425401,361.820386,3300
"MOZ","Mozambique",79026582,17564.47686,78500
"MRT","Mauritania",104290751,NA,NA
"MUS","Mauritius",201394,244.600677,10400
"MWI","Malawi",11940052,20127.194317,62000
"MYS","Malaysia",33133111,28074558.864977,19772900
"NAM","Namibia",82785860,NA,NA
"NER","Niger",118737758,NA,NA
"NGA","Nigeria",91469486,394238.60251,1033600
"NIC","Nicaragua",12921751,519671.568434,315800
"NLD","Netherlands",3613844,NA,NA
"NOR","Norway",38281417,NA,NA
"NPL","Nepal",14812682,33941.727664,303900
"NRU","Nauru",2283,NA,NA
"NZL","New Zealand",26969692,290334.705783,544300
"OMN","Oman",31007364,NA,NA
"PAK","Pakistan",87573519,NA,NA
"PAN","Panama",7554078,179826.985475,131200
"PER","Peru",130055975,8974340.335481,2504100
"PHL","Philippines",29423280,5008465.725558,5140400
"PLW","Palau",46469,293.041435,5400
"PNG","Papua New Guinea",46379808,642506.918516,950800
"POL","Poland",31141453,NA,NA
"PRK","North Korea",12215224,NA,NA
"PRT","Portugal",9211947,NA,NA
"PRY","Paraguay",40129068,5325207.536149,13382800
"PSE_2-20221023","State of Palestine",624525,5.609481,600
"QAT","Qatar",1170244,NA,NA
"ROU","Romania",23767804,NA,NA
"RUS","Russian Federation",1687423252,180326.42671,328600
"RWA","Rwanda",2544915,17130.45512,142000
"SAU","Saudi Arabia",193310597,NA,NA
"SDN","Sudan",185762748,NA,NA
"SEN","Senegal",19745549,1141.464435,12000
"SGP","Singapore",69037,9078.448903,33500
"SLB","Solomon Islands",2817844,193144.475796,162000
"SLE","Sierra Leone",7283607,133860.082661,162900
"SLV","El Salvador",2081299,11162.340296,65700
"SMR","San Marino",6107,NA,NA
"SOM","Somalia",63737122,NA,NA
"SRB","Serbia",7747380,NA,NA
"SSD","South Sudan",64663897,NA,NA
"STP","Sao Tome and Principe",99660,NA,NA
"SUR","Suriname",14675619,293433.478913,159400
"SVK","Slovakia",4898352,NA,NA
"SVN","Slovenia",2026857,NA,NA
"SWE","Sweden",44745088,NA,NA
"SWZ","Eswatini",1743005,11420.317495,11400
"SYC","Seychelles",43894,NA,NA
"SYR","Syrian Arab Republic",18798466,NA,NA
"TCD","Chad",127684628,470.013422,3100
"TGO","Togo",5703611,397.310065,3900
"THA","Thailand",51641148,2872347.863672,3831800
"TJK","Tajikistan",14151318,NA,NA
"TKM","Turkmenistan",48991595,NA,NA
"TLS","Timor-Leste",1503537,9078.615395,33600
"TON","Tonga",68452,NA,NA
"TTO","Trinidad and Tobago",519368,25511.25153,12400
"TUN","Tunisia",15568030,2350.498677,10900
"TUR","Turkey",78162017,141335.794015,383100
"TUV","Tuvalu",2923,NA,NA
"TZA","Tanzania",94633803,133806.885078,307400
"UGA","Uganda",24301629,238276.853504,410700
"UKR","Ukraine",59731598,NA,NA
"URY","Uruguay",17825814,42120.141413,185200
"USA","United States",948899799,14236543.624792,37252700
"UZB","Uzbekistan",44935190,NA,NA
"VAT","Holy See",52,NA,NA
"VCT","Saint Vincent and the Grenadines",38855,NA,NA
"VEN","Venezuela",91784760,1656063.502605,2142600
"VNM","Viet Nam",32899534,4539423.6839,9490500
"VUT","Vanuatu",1227732,6507.888357,40300
"WSM","Samoa",288582,NA,NA
"XAB-20221023","Abyei",1048312,NA,NA
"XAC-20221023","Aksai Chin",3051615,NA,NA
"XCE-20221023","Chumar East",1590,NA,NA
"XCH-20221023","Chumar",2026,NA,NA
"XDE-20221023","Demchok",149286,NA,NA
"XDS-20221023","Dramana-Shakatoe",10810,NA,NA
"XIB-20221023","Isla Brasilera",537,NA,NA
"XJN-20221023","Jadh-Nelang",145829,NA,NA
"XKA-20221023","Kalapani",5976,NA,NA
"XKO-20221023","Koualou",777,NA,NA
"XKU-20221023","Kauirik",35141,NA,NA
"XKX","Kosovo",1091066,NA,NA
"XLB-20221023","Lapthal-Bara Hoti",58003,NA,NA
"XSK-20221023","Senkaku Islands",426,NA,NA
"XSP-20221023","Shipki Pass",5751,NA,NA
"YEM","Yemen",45590743,NA,NA
"ZAF","South Africa",122423017,123728.024439,519100
"ZMB","Zambia",75565441,208449.995102,339700
"ZWE","Zimbabwe",39280184,853.977799,17400
"ATA",NA,1227426382,NA,NA
"XJK-20221023","Jammu and Kashmir",0,NA,NA
