adm0_id,iso_3,adm0_name,adm0_name1,status_nm,cpi_mean,cpi_median_approx,cpi_stdDev,cpi_n_30m_pixels
ABW-20221023,ABW,Aruba (Neth.),Aruba,Territory/Self-governing territory,0.3935584897050681,0.4353588852617476,0.13701615680185153,433
AFG-20221023,AFG,Afghanistan,Afghanistan,State,0.3642633179485355,0.3573946577998269,0.09396529193834086,4803892
AGO-20221023,AGO,Angola,Angola,State,0.557706977013353,0.5605527760184981,0.15067248045468376,526447609
AIA-20221023,AIA,Anguilla (UK),Anguilla,Non-self-governing territory,0.7213201579360649,0.7202322746024412,0.036999477323758224,3901
ALA-20221023,ALA,Åland Islands (Fin.),Åland Islands,Territory/Self-governing territory,0.4714210680282157,0.541015247982723,0.2105497696882501,782343
ALB-20221023,ALB,Albania,Albania,State,0.4227983363015585,0.4589685166666845,0.16975585170885424,10564857
AND-20221023,AND,Andorra,Andorra,State,0.4144891796988291,0.4629011616272451,0.1607403252127844,283723
ARE-20221023,ARE,United Arab Emirates,United Arab Emirates,State,0.6332067349335042,0.5213099974724982,0.14538988145939333,82
ARG-20221023,ARG,Argentina,Argentina,State,0.7123981078964619,0.7519482168981083,0.20468340046642733,566115664
ARM-20221023,ARM,Armenia,Armenia,State,0.4648545739508501,0.45900039255524033,0.10386614320188066,5111991
ASM-20221023,ASM,American Samoa (USA),American Samoa,Non-self-governing territory,,,,0
ATF_1-20221023,ATF,Kerguelen Islands (Fr.),French Southern Territories,Territory/Self-governing territory,,,,0
ATF_2-20221023,ATF,Crozet Archipelago (Fr.),French Southern Territories,Territory/Self-governing territory,,,,0
ATF_3-20221023,ATF,Saint Paul and Amsterdam Islands (Fr.),French Southern Territories,Territory/Self-governing territory,,,,0
ATF_4-20221023,ATF,Bassas da India (Fr.),French Southern Territories,Territory/Self-governing territory,,,,0
ATF_5-20221023,ATF,Europa Island (Fr.),French Southern Territories,Territory/Self-governing territory,,,,0
ATF_6-20221023,ATF,Glorioso Islands (Fr.),French Southern Territories,Territory/Self-governing territory,,,,0
ATF_7-20221023,ATF,Juan de Nova Island (Fr.),French Southern Territories,Territory/Self-governing territory,,,,0
ATF_8-20221023,ATF,Tromelin Island (Fr.),French Southern Territories,Territory/Self-governing territory,,,,0
ATG-20221023,ATG,Antigua and Barbuda,Antigua and Barbuda,State,0.6156722839655622,0.6700695391759268,0.13020106462642186,138453
AUS_1-20221023,AUS,Australia,Australia,State,0.4673603412180426,0.45101497293633225,0.2128217520286763,1032406917
AUS_2-20221023,AUS,Ashmore & Cartier Islands (Aust.),Australia,Territory/Self-governing territory,,,,0
AUS_3-20221023,AUS,Coral Sea Islands (Aust.),Australia,Territory/Self-governing territory,,,,0
AUT-20221023,AUT,Austria,Austria,State,0.553110031594235,0.564440161869541,0.09837214242201991,36874828
AZE-20221023,AZE,Azerbaijan,Azerbaijan,State,0.4302347827779352,0.43166887110366114,0.14148561215318337,14121020
BDI-20221023,BDI,Burundi,Burundi,State,0.7244074772540637,0.7294836352579932,0.07150545345089919,3346415
BEL-20221023,BEL,Belgium,Belgium,State,0.621544399620316,0.6503967845265629,0.1380860470555236,3959331
BEN-20221023,BEN,Benin,Benin,State,0.711246594089638,0.7519571396415423,0.1401677307600216,37137108
BES_1-20221023,BES,Bonaire (Neth.),"Bonaire, Sint Eustatius and Saba",Territory/Self-governing territory,0.1809683534113,0.1815755103168816,0.10866510915150653,6690
BES_2-20221023,BES,Sint Eustatius (Neth.),"Bonaire, Sint Eustatius and Saba",Territory/Self-governing territory,0.5274673674503718,0.5182736229896545,0.025442668932195676,8123
BES_3-20221023,BES,Saba (Neth.),"Bonaire, Sint Eustatius and Saba",Territory/Self-governing territory,0.1763151825198975,0.1704062659614133,0.025827816942539866,6313
BFA-20221023,BFA,Burkina Faso,Burkina Faso,State,0.7029253708337956,0.7402079891137295,0.13950284261289453,24693416
BGD-20221023,BGD,Bangladesh,Bangladesh,State,0.6281283261058067,0.6464863476227644,0.11738596121831053,18203747
BGR-20221023,BGR,Bulgaria,Bulgaria,State,0.46629004326475426,0.4785161630076646,0.165265598983058,50855924
BHR-20221023,BHR,Bahrain,Bahrain,State,0.7051615591706901,0.7689273953437805,0.08793534239203507,29
BHS-20221023,BHS,Bahamas,Bahamas,State,0.6257248027376486,0.6817238063538924,0.14746671685770868,1113654
BIH-20221023,BIH,Bosnia and Herzegovina,Bosnia and Herzegovina,State,0.405591319151888,0.4121291734226538,0.17592420729723537,33962352
BLM-20221023,BLM,Saint Barthélemy (Fr.),Saint Barthélemy,Territory/Self-governing territory,0.6879233095414026,0.6689369032780329,0.061034934357679524,2005
BLR-20221023,BLR,Belarus,Belarus,State,0.590892043476802,0.6074064792400657,0.13278598324767085,91698079
BLZ-20221023,BLZ,Belize,Belize,State,0.6507347328632503,0.7128954012903532,0.212105099411922,15692888
BMU-20221023,BMU,Bermuda (UK),Bermuda,Non-self-governing territory,,,,0
BOL-20221023,BOL,Bolivia (Plurinational State of),Bolivia (Plurinational State of),State,0.6318493537175417,0.630848723765275,0.1825286202681778,657868708
BRA-20221023,BRA,Brazil,Brazil,State,0.5267030824145141,0.5116887619466326,0.2641467009904388,4870373687
BRB-20221023,BRB,Barbados,Barbados,State,0.6032397583128092,0.6006237948790425,0.048867549695199075,48858
BRN-20221023,BRN,Brunei Darussalam,Brunei Darussalam,State,0.7008013245266508,0.7558315548591499,0.1747568385261105,5429889
BTN-20221023,BTN,Bhutan,Bhutan,State,0.417318616942426,0.4277371021375372,0.1515515774990597,36580242
BVT-20221023,BVT,Bouvet Island (Nor.),Bouvet Island,Territory/Self-governing territory,,,,0
BWA-20221023,BWA,Botswana,Botswana,State,0.5230332337414778,0.5175306339713361,0.1428612948448247,1751427
CAF-20221023,CAF,Central African Republic,Central African Republic,State,0.503442992805707,0.49021434968784855,0.16004633624415923,605320853
CAN-20221023,CAN,Canada,Canada,State,0.3830603148390627,0.3757080255178832,0.24257662502695398,5332237734
CCK-20221023,CCK,Cocos (Keeling) Islands (Aust.),Cocos (Keeling) Islands,Territory/Self-governing territory,,,,0
CHE-20221023,CHE,Switzerland,Switzerland,State,0.4186814516020407,0.4472713278541241,0.179970985694114,16274360
CHL-20221023,CHL,Chile,Chile,State,0.3660789265901865,0.3439091818863755,0.2251125343235621,533610792
CHN-20221023,CHN,China,China,State,0.47513655311263353,0.49352612828616826,0.16863399775191898,2013584296
CIV-20221023,CIV,Côte d'Ivoire,Côte d'Ivoire,State,0.7122362101085261,0.7363204761156116,0.12016038779419515,161247590
CMR-20221023,CMR,Cameroon,Cameroon,State,0.5637055251195237,0.5839815385557335,0.1802532332812981,380895314
COD-20221023,COD,Democratic Republic of the Congo,Democratic Republic of the Congo,State,0.5749206994427648,0.5878904874071692,0.16926025080903806,1785266580
COG-20221023,COG,Congo,Congo,State,0.5256836235224592,0.5293134450507275,0.14173242586089388,265424820
COK-20221023,COK,Cook Islands (NZ),Cook Islands,Territory/Self-governing territory,,,,0
COL-20221023,COL,Colombia,Colombia,State,0.4937309588012395,0.4589897808669678,0.18812189121566514,747963992
COM-20221023,COM,Comoros,Comoros,State,0.5504450674169885,0.5449386366215533,0.09866740527154859,1343115
CPT-20221023,CPT,Clipperton Island (Fr.),Clipperton Island,Territory/Self-governing territory,,,,0
CPV-20221023,CPV,Cabo Verde,Cabo Verde,State,,,,0
CRI-20221023,CRI,Costa Rica,Costa Rica,State,0.6540132019401792,0.7011832133742485,0.15291601916110098,29520174
CUB-20221023,CUB,Cuba,Cuba,State,0.6492537255213997,0.6816412840155369,0.1441287411122521,37305068
CUW-20221023,CUW,Curaçao (Neth.),Curaçao,Territory/Self-governing territory,0.1668145978814547,0.1582048749402235,0.07639737700634261,55104
CXR-20221023,CXR,Christmas Island (Aust.),Christmas Island,Territory/Self-governing territory,,,,0
CYM-20221023,CYM,Cayman Islands (UK),Cayman Islands,Non-self-governing territory,0.6036428975868307,0.61923889616723,0.0920507694349762,44237
CYP-20221023,CYP,Cyprus,Cyprus,State,0.5131208016730117,0.5292929111186734,0.11498417767736219,1922350
CZE-20221023,CZE,Czechia,Czechia,State,0.5019304222750829,0.5253933029144923,0.14830927714874892,18178118
DEU-20221023,DEU,Germany,Germany,State,0.4954404262199293,0.5058670197965479,0.12810176988582722,58206713
DJI-20221023,DJI,Djibouti,Djibouti,State,0.2344658072247649,0.2313214540481567,0.016440081199373766,132
DMA-20221023,DMA,Dominica,Dominica,State,0.4049284242739923,0.41106331730810225,0.05392705367930986,705232
DNK-20221023,DNK,Denmark,Denmark,State,0.5563689260810653,0.591813187901716,0.1323678446846626,1660567
DOM-20221023,DOM,Dominican Republic,Dominican Republic,State,0.7111935849136113,0.7128574393233446,0.09236757662163829,25039122
DZA-20221023,DZA,Algeria,Algeria,State,0.7140586927293366,0.7245758590600742,0.08760750460548371,21283811
ECU-20221023,ECU,Ecuador,Ecuador,State,0.5876639571276887,0.6035296276167202,0.1690115948474657,158038546
EGY-20221023,EGY,Egypt,Egypt,State,0.5034563715343457,0.4944787690272698,0.20789232511333394,4718
ERI-20221023,ERI,Eritrea,Eritrea,State,0.3095306129310819,0.2987855305025843,0.1812865529074617,711166
ESH-20221023,ESH,Western Sahara,Western Sahara,Non-self-governing territory,,,,0
ESP_1-20221023,ESP,Spain,Spain,State,0.4378158019305129,0.4589824686315027,0.161871264491524,115211817
ESP_2-20221023,ESP,Canary Islands (Sp.),Spain,Territory/Self-governing territory,0.3579796373546042,0.3691394995030712,0.13034391023023162,1771474
ESP_3-20221023,ESP,Plazas de soberanía (Sp.),Spain,Territory/Self-governing territory,0.5524537367576261,0.5556718147437991,0.02967783348922351,4908
EST-20221023,EST,Estonia,Estonia,State,0.7254772969082215,0.732399894097688,0.0722765012323924,40272013
ETH-20221023,ETH,Ethiopia,Ethiopia,State,0.44196774141774253,0.4628927208285668,0.1912021942575836,159061692
FIN-20221023,FIN,Finland,Finland,State,0.603084218144339,0.6393607231449668,0.14413534699325606,766078564
FJI-20221023,FJI,Fiji,Fiji,State,0.4063398895880559,0.4199600428682249,0.16787578569379835,12875530
FLK-20221023,FLK,Falkland Islands (Malvinas),Falkland Islands (Malvinas),Non-self-governing territory,0.1214491117462179,0.0722292336816904,0.1216526193991474,243210
FRA-20221023,FRA,France,France,State,0.5085387375892302,0.5137460457831174,0.13785009235827866,146384349
FRO-20221023,FRO,Faroe Islands (Den.),Faroe Islands,Territory/Self-governing territory,,,,0
FSM-20221023,FSM,Micronesia (Federated States of),Micronesia (Federated States of),State,,,,0
GAB-20221023,GAB,Gabon,Gabon,State,0.5138086450393475,0.5332121903800157,0.1748212321345072,263783699
GBR-20221023,GBR,United Kingdom of Great Britain and Northern Ireland,United Kingdom of Great Britain and Northern Ireland,State,0.5180682522337442,0.5313276949516303,0.16309767030783467,8309215
GEO_1-20221023,GEO,Georgia,Georgia,State,0.2962151326149393,0.2909666260270365,0.18165843805394635,47154421
GGY-20221023,GGY,Guernsey (UK),Guernsey,Territory/Self-governing territory,0.2205956719592886,0.2626403421163559,0.1313159506930765,3073
GHA-20221023,GHA,Ghana,Ghana,State,0.676642488133648,0.7129033256826487,0.1468341789322305,80772608
GIB-20221023,GIB,Gibraltar (UK),Gibraltar,Non-self-governing territory,0.3810861541027844,0.3770508865515391,0.009744889673610025,241
GIN-20221023,GIN,Guinea,Guinea,State,0.6750175195232136,0.7011547197939481,0.11558854273210774,191862978
GLP-20221023,GLP,Guadeloupe (Fr.),Guadeloupe,Territory/Self-governing territory,0.5611287093638972,0.5449130023302171,0.10000323852904823,750870
GMB-20221023,GMB,Gambia,Gambia,State,0.7136164342854348,0.7402698849799926,0.11770074797983386,2122485
GNB-20221023,GNB,Guinea-Bissau,Guinea-Bissau,State,0.7071441067613982,0.7324430148193688,0.10508558567585932,23299334
GNQ-20221023,GNQ,Equatorial Guinea,Equatorial Guinea,State,0.6170155460823495,0.6308366278276583,0.14845088116792932,28437451
GRC-20221023,GRC,Greece,Greece,State,0.3186322580564163,0.3404664011760997,0.1784541822605353,45489106
GRD-20221023,GRD,Grenada,Grenada,State,0.6389137065737904,0.6465819974915598,0.057598819980661096,243701
GRL-20221023,GRL,Greenland (Den.),Greenland,Territory/Self-governing territory,,,,0
GTM-20221023,GTM,Guatemala,Guatemala,State,0.6831080636146866,0.7128912456620555,0.16271332967912738,62491238
GUF-20221023,GUF,French Guiana (Fr.),French Guiana,Territory/Self-governing territory,0.43646869405662975,0.43206650148468223,0.16931428697607803,90638909
GUM-20221023,GUM,Guam (USA),Guam,Non-self-governing territory,,,,0
GUY-20221023,GUY,Guyana,Guyana,State,0.441678799854449,0.45510784166792095,0.1913217043246996,208595682
HMD-20221023,HMD,Heard Island and McDonald Islands (Aust.),Heard Island and McDonald Islands,Territory/Self-governing territory,,,,0
HND-20221023,HND,Honduras,Honduras,State,0.6821351624190749,0.7012023965680622,0.12272462677900965,70583356
HRV-20221023,HRV,Croatia,Croatia,State,0.4979379660025412,0.5293114375685428,0.16294417872902323,31318856
HTI-20221023,HTI,Haiti,Haiti,State,0.6692173455303095,0.6776823117265943,0.0856065879024957,10480168
HUN-20221023,HUN,Hungary,Hungary,State,0.5281987152475572,0.5410179836440282,0.14068715423064532,20377979
IDN-20221023,IDN,Indonesia,Indonesia,State,0.5809154942010832,0.5956558593071354,0.23824802094207462,1152481473
IMN-20221023,IMN,Isle of Man (UK),Isle of Man,Territory/Self-governing territory,0.4224222573459409,0.4169684190441061,0.07420481604024864,16424
IND-20221023,IND,India,India,State,0.5437632343314007,0.5488251216124895,0.13311754191498423,530433579
IOT-20221023,IOT,British Indian Ocean Territory,British Indian Ocean Territory,Territory/Self-governing territory,,,,0
IRL-20221023,IRL,Ireland,Ireland,State,0.6014428830907849,0.6269776704445322,0.1298054278623422,1934651
IRN-20221023,IRN,Iran (Islamic Republic of),Iran (Islamic Republic of),State,0.46288420739957437,0.4472340571470777,0.11784481346297182,24062767
IRQ-20221023,IRQ,Iraq,Iraq,State,0.4610941211997111,0.49425314692632333,0.1894055772715824,267759
ISL-20221023,ISL,Iceland,Iceland,State,,,,0
ISR-20221023,ISR,Israel,Israel,State,0.5284384819818106,0.5957313663361382,0.16194091015157855,593925
ITA-20221023,ITA,Italy,Italy,State,0.4167683883796356,0.431668817019454,0.1516408803568747,106868623
JAM-20221023,JAM,Jamaica,Jamaica,State,0.7157168337179263,0.7246398155486647,0.0647420349305125,7552186
JEY-20221023,JEY,Jersey (UK),Jersey,Territory/Self-governing territory,0.4344523157911035,0.4227995616197586,0.08978374670330057,3742
JOR-20221023,JOR,Jordan,Jordan,State,0.5601492797703707,0.5722490788459778,0.12769296125468976,99956
JPN-20221023,JPN,Japan,Japan,State,0.21987674353233244,0.2064093942164217,0.16277357727960876,218459735
KAZ-20221023,KAZ,Kazakhstan,Kazakhstan,State,0.3309810969404789,0.3143461354021998,0.20978710197431163,46513352
KEN-20221023,KEN,Kenya,Kenya,State,0.6485333557733014,0.6660026946016551,0.1768234860092974,28043445
KGZ-20221023,KGZ,Kyrgyzstan,Kyrgyzstan,State,0.3308607705905472,0.3339261233675948,0.12013305698186007,13132324
KHM-20221023,KHM,Cambodia,Cambodia,State,0.7053517842807594,0.7402360376044914,0.19671846053317435,75115709
KIR-20221023,KIR,Kiribati,Kiribati,State,,,,0
KNA-20221023,KNA,Saint Kitts and Nevis,Saint Kitts and Nevis,State,0.6265593797896946,0.6181610717349967,0.044401234473713816,133141
KOR-20221023,KOR,Republic of Korea,Republic of Korea,State,0.505636090229015,0.5253887693470554,0.1433285708359801,65242989
KWT-20221023,KWT,Kuwait,Kuwait,State,,,,0
LAO-20221023,LAO,Lao People's Democratic Republic,Lao People's Democratic Republic,State,0.6695209728913578,0.6542865426769954,0.16504617042675893,212852662
LBN-20221023,LBN,Lebanon,Lebanon,State,0.4618008992069288,0.4706444880376766,0.16460844648296863,1255753
LBR-20221023,LBR,Liberia,Liberia,State,0.6946222282733783,0.7090040691251353,0.13782529889915326,98597338
LBY-20221023,LBY,Libya,Libya,State,0.6167853379983477,0.6307746960082244,0.12440608418049916,278205
LCA-20221023,LCA,Saint Lucia,Saint Lucia,State,0.6922572007374865,0.688465171749053,0.04157284323244324,483494
LIE-20221023,LIE,Liechtenstein,Liechtenstein,State,0.5351155598327506,0.5380600779617114,0.04790363817083436,85090
LKA-20221023,LKA,Sri Lanka,Sri Lanka,State,0.6671195956341837,0.6855560289165966,0.12304408582439584,39050554
LSO-20221023,LSO,Lesotho,Lesotho,State,0.2402106660907328,0.212799346399552,0.1344875629499199,4698456
LTU-20221023,LTU,Lithuania,Lithuania,State,0.5217802659370352,0.5293059389283404,0.10995512314026554,28165707
LUX-20221023,LUX,Luxembourg,Luxembourg,State,0.6502647220958726,0.657225215362356,0.07548072054123982,792882
LVA-20221023,LVA,Latvia,Latvia,State,0.6926647119845847,0.7089929499533326,0.0781076169420066,49789423
MAF-20221023,MAF,Saint Martin (Fr.),Saint Martin (French Part),Territory/Self-governing territory,0.6553673241141432,0.6489310378537458,0.057720884266361475,15871
MAR-20221023,MAR,Morocco,Morocco,State,0.4622287622594276,0.4628607237441425,0.15929491130435278,14114412
MCO-20221023,MCO,Monaco,Monaco,State,,,,0
MDA-20221023,MDA,Republic of Moldova,Republic of Moldova,State,0.3651763886458641,0.369125882858305,0.13320810067667968,2906013
MDG-20221023,MDG,Madagascar,Madagascar,State,0.6599111988728996,0.677736953042469,0.13673298253153623,178967045
MDV-20221023,MDV,Maldives,Maldives,State,0.3595211077582466,0.2950334240214051,0.18516005465655136,26085
MEX-20221023,MEX,Mexico,Mexico,State,0.5190477514178318,0.5253883065269692,0.19951741293540284,683988098
MHL-20221023,MHL,Marshall Islands,Marshall Islands,State,,,,0
MKD-20221023,MKD,North Macedonia,North Macedonia,State,0.3962874150263825,0.4277880578200951,0.14319020267349247,12150571
MLI-20221023,MLI,Mali,Mali,State,0.651592343902382,0.6816423930899634,0.13937658321076718,77740635
MLT-20221023,MLT,Malta,Malta,State,0.5892855127652487,0.5899108052253723,0.0017751733432922793,33
MMR-20221023,MMR,Myanmar,Myanmar,State,0.5927494973006583,0.5800759904107332,0.18005566846719023,496472639
MNE-20221023,MNE,Montenegro,Montenegro,State,0.4180564813566048,0.4198910025220068,0.156535073661439,8361806
MNG-20221023,MNG,Mongolia,Mongolia,State,0.2410015736745799,0.2168342358808699,0.1639092076874229,125635890
MNP-20221023,MNP,Northern Mariana Islands (USA),Northern Mariana Islands,Territory/Self-governing territory,,,,0
MOZ-20221023,MOZ,Mozambique,Mozambique,State,0.6606490881918122,0.693360306516217,0.17000016165960447,412167856
MRT-20221023,MRT,Mauritania,Mauritania,State,0.6178256611976399,0.6387515421472422,0.13629768639225093,6733
MSR-20221023,MSR,Montserrat (UK),Montserrat,Non-self-governing territory,0.4065371560341037,0.3969594817868137,0.03180005300875245,58815
MTQ-20221023,MTQ,Martinique (Fr.),Martinique,Territory/Self-governing territory,0.5987265931060388,0.5927680677492627,0.04843126937293583,601062
MUS-20221023,MUS,Mauritius,Mauritius,State,,,,0
MWI-20221023,MWI,Malawi,Malawi,State,0.6390251921473293,0.6738444819260533,0.13844086374740996,23833489
MYS-20221023,MYS,Malaysia,Malaysia,State,0.7214801282791616,0.7597687945578373,0.2101945872886383,195938432
MYT-20221023,MYT,Mayotte (Fr.),Mayotte,Territory/Self-governing territory,0.730765273384526,0.7451314353652639,0.05864230077575185,324301
NAM-20221023,NAM,Namibia,Namibia,State,0.43603794994371575,0.43157412730993117,0.14725248839591865,1653920
NCL-20221023,NCL,New Caledonia (Fr.),New Caledonia,Non-self-governing territory,0.4584980395659411,0.4433607261706329,0.16548717098489027,16483083
NER-20221023,NER,Niger,Niger,State,0.3820040795225271,0.3533156299600952,0.10699785229033063,169138
NFK-20221023,NFK,Norfolk Island (Aust.),Norfolk Island,Territory/Self-governing territory,,,,0
NGA-20221023,NGA,Nigeria,Nigeria,State,0.6614584857077896,0.7050825544409292,0.15871568862603821,212141440
NIC-20221023,NIC,Nicaragua,Nicaragua,State,0.6853531059004284,0.7245962129462301,0.1530874143798475,55204170
NIU-20221023,NIU,Niue (NZ),Niue,Territory/Self-governing territory,,,,0
NLD-20221023,NLD,Netherlands,Netherlands,State,0.6225838274974154,0.6425529395180902,0.11283532515335287,1296514
NOR-20221023,NOR,Norway,Norway,State,0.5744078147623387,0.5983649171824955,0.1496563205009482,195986087
NPL-20221023,NPL,Nepal,Nepal,State,0.4131591366819231,0.3808424454883068,0.22030619892846798,81712959
NRU-20221023,NRU,Nauru,Nauru,State,,,,0
NZL-20221023,NZL,New Zealand,New Zealand,State,0.4069580131815364,0.4198943547721341,0.1991987970672693,121605461
OMN-20221023,OMN,Oman,Oman,State,0.6137751754792287,0.59956151322885,0.13954214381068775,243042
PAK-20221023,PAK,Pakistan,Pakistan,State,0.4321431647140792,0.4277020504250376,0.15573937392265302,18190567
PAN-20221023,PAN,Panama,Panama,State,0.5855797869882824,0.6269487147509542,0.19881758429077231,50414559
PCN-20221023,PCN,Pitcairn (UK),Pitcairn,Non-self-governing territory,,,,0
PER-20221023,PER,Peru,Peru,State,0.5078521121254093,0.5019541954752973,0.16751152643984776,804081510
PHL-20221023,PHL,Philippines,Philippines,State,0.6422680286074133,0.635396551041726,0.15039278463140532,144990493
PLW-20221023,PLW,Palau,Palau,State,0.3316026312931188,0.3216192107810421,0.1877079636182669,356620
PNG-20221023,PNG,Papua New Guinea,Papua New Guinea,State,0.4980400678465265,0.5136820823572502,0.15984708862792077,450144232
POL-20221023,POL,Poland,Poland,State,0.6217174340269163,0.6386757497787587,0.11608966921011957,56251750
PRI-20221023,PRI,Puerto Rico (USA),Puerto Rico,Territory/Self-governing territory,0.5055151966871024,0.533197527856594,0.1381244232073401,4398669
PRK-20221023,PRK,Democratic People's Republic of Korea,Democratic People's Republic of Korea,State,0.41738204009694324,0.4277273750596792,0.13537296616152816,89305087
PRT_1-20221023,PRT,Portugal,Portugal,State,0.6223477790554793,0.6308743402480886,0.09524680052422611,18918885
PRT_2-20221023,PRT,Madeira Islands (Port.),Portugal,Territory/Self-governing territory,0.4106124565656865,0.4120218485462805,0.061617980792143326,602966
PRT_3-20221023,PRT,Azores Islands (Port.),Portugal,Territory/Self-governing territory,,,,0
PRY-20221023,PRY,Paraguay,Paraguay,State,0.8304545854771489,0.8613327147566507,0.1297001794903821,259744670
PSE_1-20221023,PSE,West Bank,State of Palestine,Occupied Palestinian Territory,0.6706782871815037,0.685585540543534,0.09086323148356351,69047
PSE_2-20221023,PSE,Gaza,State of Palestine,Occupied Palestinian Territory,,,,0
PYF-20221023,PYF,French Polynesia (Fr.),French Polynesia,Non-self-governing territory,,,,0
QAT-20221023,QAT,Qatar,Qatar,State,,,,0
REU-20221023,REU,Réunion (Fr.),Réunion,Territory/Self-governing territory,,,,0
ROU-20221023,ROU,Romania,Romania,State,0.4874029722912731,0.4941443068881363,0.14134593225478614,101676102
RUS-20221023,RUS,Russian Federation,Russian Federation,State,0.2914528884821368,0.25671225662292163,0.23069649507590623,16353506264
RWA-20221023,RWA,Rwanda,Rwanda,State,0.6498505767109092,0.6347670754054222,0.08285470441160875,1893574
SAU-20221023,SAU,Saudi Arabia,Saudi Arabia,State,0.5720731372001088,0.5838964288726156,0.0942999389899852,155265
SDN-20221023,SDN,Sudan,Sudan,State,0.4273399452095845,0.4239198813787059,0.13841938149996383,38763750
SEN-20221023,SEN,Senegal,Senegal,State,0.5931885399532587,0.6034721830111357,0.18924306654405387,44365070
SGP-20221023,SGP,Singapore,Singapore,State,0.4908255491816547,0.509756974253256,0.18652633513885822,114899
SGS-20221023,SGS,South Georgia and the South Sandwich Islands (UK),South Georgia and the South Sandwich Islands,Territory/Self-governing territory,,,,0
SHN_1-20221023,SHN,Saint Helena (UK),Saint Helena,Non-self-governing territory,,,,0
SHN_2-20221023,SHN,Ascencion (UK),Saint Helena,Non-self-governing territory,,,,0
SHN_3-20221023,SHN,Tristan da Cunha (UK),Saint Helena,Non-self-governing territory,,,,0
SHN_4-20221023,SHN,Gough (UK),Saint Helena,Non-self-governing territory,,,,0
SJM_1-20221023,SJM,Svalbard Islands (Nor.),Svalbard and Jan Mayen Islands,Territory/Self-governing territory,,,,0
SJM_2-20221023,SJM,Jan Mayen Island (Nor.),Svalbard and Jan Mayen Islands,Territory/Self-governing territory,,,,0
SLB-20221023,SLB,Solomon Islands,Solomon Islands,State,0.5055436693687503,0.5254154875547921,0.15029000450771535,26584268
SLE-20221023,SLE,Sierra Leone,Sierra Leone,State,0.7405234873335416,0.7597770279828437,0.1007736605381977,59638278
SLV-20221023,SLV,El Salvador,El Salvador,State,0.6230285874858537,0.6699185242735332,0.15421954894566647,8967403
SMR-20221023,SMR,San Marino,San Marino,State,0.5697381170438524,0.5746708849215144,0.024635283721617857,4974
SOM-20221023,SOM,Somalia,Somalia,State,0.3579215525325374,0.3807677657282461,0.20250565629355827,1774638
SPM-20221023,SPM,Saint Pierre and Miquelon (Fr.),Saint Pierre and Miquelon,Territory/Self-governing territory,0.196894249093271,0.2041123175582328,0.07667136157871482,19481
SRB_1-20221023,SRB,Serbia,Serbia,State,0.4678542235532526,0.4707008019380808,0.1441886619305816,42862802
SSD-20221023,SSD,South Sudan,South Sudan,State,0.5443204827436834,0.533218780908749,0.1564518131167922,299570309
STP-20221023,STP,Sao Tome and Principe,Sao Tome and Principe,State,,,,0
SUR-20221023,SUR,Suriname,Suriname,State,0.3929221424597972,0.3381817189795762,0.22348723805279794,151548040
SVK-20221023,SVK,Slovakia,Slovakia,State,0.4182887577410218,0.4355442064408499,0.175884702809877,29853795
SVN-20221023,SVN,Slovenia,Slovenia,State,0.5251529182503414,0.5410109056979048,0.11350938686798061,14938575
SWE-20221023,SWE,Sweden,Sweden,State,0.5677866044587253,0.5982524664841536,0.13894485743937085,398543515
SWZ-20221023,SWZ,Eswatini,Eswatini,State,0.6493843752509989,0.673844560366457,0.12360194394753529,6514558
SXM-20221023,SXM,Sint Maarten (Neth.),Sint Maarten (Dutch part),Territory/Self-governing territory,0.641815351583618,0.6280305361755752,0.06209901859135169,7152
SYC-20221023,SYC,Seychelles,Seychelles,State,0.0269471270288329,2.2900812867397224e-05,0.0719378198155632,7930
SYR-20221023,SYR,Syrian Arab Republic,Syrian Arab Republic,State,0.4064871926306808,0.3925486972874349,0.21238863129000363,1531379
TCA-20221023,TCA,Turks and Caicos Islands (UK),Turks and Caicos Islands,Non-self-governing territory,0.5713269696438483,0.5719696727280094,0.07328638670687668,5801
TCD-20221023,TCD,Chad,Chad,State,0.5877300246870132,0.5800272119162465,0.20093205185361712,103993203
TGO-20221023,TGO,Togo,Togo,State,0.6727785555170547,0.6972737258278782,0.11442630818724012,19239751
THA-20221023,THA,Thailand,Thailand,State,0.5862372177982024,0.5917746175077647,0.15792510522855438,195234340
TJK-20221023,TJK,Tajikistan,Tajikistan,State,0.3534640424549229,0.3458467842693649,0.11843342977870817,2044931
TKL-20221023,TKL,Tokelau (NZ),Tokelau,Non-self-governing territory,,,,0
TKM-20221023,TKM,Turkmenistan,Turkmenistan,State,0.2460558388334128,0.1894157655177063,0.13522891625869807,37427
TLS-20221023,TLS,Timor-Leste,Timor-Leste,State,0.5488900370878748,0.5370932106889207,0.12841616601659372,11695210
TON-20221023,TON,Tonga,Tonga,State,,,,0
TTO-20221023,TTO,Trinidad and Tobago,Trinidad and Tobago,State,0.7254080315953936,0.7832127505505554,0.15104376672650938,3658132
TUN-20221023,TUN,Tunisia,Tunisia,State,0.6185259496909256,0.6347824370074523,0.123301869737984,2792836
TUR-20221023,TUR,Turkey,Turkey,State,0.476351471520161,0.4902334450394322,0.18012339526887614,134919481
TUV-20221023,TUV,Tuvalu,Tuvalu,State,,,,0
TZA-20221023,TZA,United Republic of Tanzania,United Republic of Tanzania,State,0.6448817652463569,0.669928865051315,0.15761801277162857,306658574
UGA-20221023,UGA,Uganda,Uganda,State,0.6702300001827205,0.7090261343762299,0.16679409866217138,23062718
UKR-20221023,UKR,Ukraine,Ukraine,State,0.5486085328295143,0.5683666367536632,0.14072415024960558,93543949
UMI_1-20221023,UMI,Baker Island (USA),United States Minor Outlying Islands,Territory/Self-governing territory,,,,0
UMI_2-20221023,UMI,Howland Island (USA),United States Minor Outlying Islands,Territory/Self-governing territory,,,,0
UMI_3-20221023,UMI,Jarvis Island (USA),United States Minor Outlying Islands,Territory/Self-governing territory,,,,0
UMI_4-20221023,UMI,Johnston Atoll (USA),United States Minor Outlying Islands,Territory/Self-governing territory,,,,0
UMI_5-20221023,UMI,Kingman Reef (USA),United States Minor Outlying Islands,Territory/Self-governing territory,,,,0
UMI_6-20221023,UMI,Midway Islands (USA),United States Minor Outlying Islands,Territory/Self-governing territory,,,,0
UMI_7-20221023,UMI,Palmyra Atoll (USA),United States Minor Outlying Islands,Territory/Self-governing territory,,,,0
UMI_8-20221023,UMI,Wake Island (USA),United States Minor Outlying Islands,Territory/Self-governing territory,,,,0
UMI_9-20221023,UMI,Navassa Island (USA),United States Minor Outlying Islands,Territory/Self-governing territory,0.3129012945873676,0.313094045651161,0.0008034739936893309,1708
URY-20221023,URY,Uruguay,Uruguay,State,0.5853558163451014,0.5996183985549055,0.14517477399754244,12952102
USA-20221023,USA,United States of America,United States of America,State,0.5141819074017235,0.5256546479450289,0.25306952297178437,7301393806
UZB-20221023,UZB,Uzbekistan,Uzbekistan,State,0.3619134165970851,0.376651525769671,0.16761476314109366,2005718
VAT-20221023,VAT,Holy See,Holy See,State,,,,0
VCT-20221023,VCT,Saint Vincent and the Grenadines,Saint Vincent and the Grenadines,State,0.405746413395766,0.4200281935661624,0.07237165624959543,302863
VEN_1-20221023,VEN,Venezuela (Bolivarian Republic of),Venezuela (Bolivarian Republic of),State,0.4280990675229554,0.3886667309517654,0.2500762228817699,580591851
VEN_2-20221023,VEN,Bird Island (Ven.),Venezuela (Bolivarian Republic of),Territory/Self-governing territory,,,,0
VGB-20221023,VGB,British Virgin Islands (UK),British Virgin Islands,Non-self-governing territory,0.5797795490769914,0.6181708889594977,0.08340913483412264,59319
VIR-20221023,VIR,United States Virgin Islands (USA),United States Virgin Islands,Non-self-governing territory,0.5527085505215908,0.5917788080276676,0.1429348809619485,145091
VNM-20221023,VNM,Viet Nam,Viet Nam,State,0.7015856216243457,0.6933556158916088,0.14968240784964815,172292702
VUT-20221023,VUT,Vanuatu,Vanuatu,State,0.16999779040589558,0.1031776216929842,0.17702268175310912,12472942
WLF-20221023,WLF,Wallis and Futuna Islands (Fr.),Wallis and Futuna Islands,Territory/Self-governing territory,,,,0
WSM-20221023,WSM,Samoa,Samoa,State,,,,0
XUK_1-20221023,XUK,Akrotiri (UK),Akrotiri and Dekelia,Territory/Self-governing territory,0.3935824490041035,0.2779432535171509,0.2345288551831421,1735
XUK_2-20221023,XUK,Dekelia (UK),Akrotiri and Dekelia,Territory/Self-governing territory,0.5904990911483765,0.5932269096374512,0.027749365606743404,25
YEM-20221023,YEM,Yemen,Yemen,State,0.3881864292664478,0.4121249591341914,0.17420278790862037,1053427
ZAF-20221023,ZAF,South Africa,South Africa,State,0.530938310434966,0.537107790235101,0.1625727644318898,53093826
ZMB-20221023,ZMB,Zambia,Zambia,State,0.6117497942126568,0.6347615331357154,0.18271297225426272,397418540
ZWE-20221023,ZWE,Zimbabwe,Zimbabwe,State,0.5518708979835547,0.5800742791382657,0.1801550507628647,67151793
